Company ID,Name,City,Sector,NAICS,Ownership Type,Employee Band,Revenue Estimate,Revenue Basis,Estimate Method,Growth Signal,Acquisition Relevance,Strategic Relevance,Likely Decision Maker,Linked Person ID,Source,URL,Verification Status,Date Verified,Confidence,Next Action,Notes
FIRM-001,Roebling Capital Partners,"Cincinnati, OH",LMM PE - business services / mfg / consumer / healthcare,,Private,,,UNKNOWN,,,,5,UNVERIFIED,,Search result,https://roeblingcp.com/,SECONDARY VERIFIED,2026-09-08,Medium,Source team page; verify current strategy,Target employer #1. AUM figures in aggregator blogs are UNVERIFIED and possibly stale.
FIRM-002,RC Capital,"Cincinnati, OH",LMM PE - healthcare,,Private,,,UNKNOWN,,,,5,UNVERIFIED,,Search result,https://rccf.com/,SECONDARY VERIFIED,2026-09-08,Medium,Source team page,Healthcare thesis - lead with sector work.
FIRM-003,Brixey & Meyer Capital,"Dayton/Cincinnati, OH",LMM PE - healthcare / distribution / mfg / services,,Private,,,UNKNOWN,,,,4,UNVERIFIED,,Search result,,SECONDARY VERIFIED,2026-09-08,Low,Find official URL; source team page,
FIRM-004,Revitalize Capital,"Blue Ash, OH",LMM PE,,Private,,,UNKNOWN,,,,4,UNVERIFIED,,Search result,,SECONDARY VERIFIED,2026-09-08,Low,Find official URL,
FIRM-005,Northcreek Mezzanine,"Cincinnati, OH",Private credit - SBIC mezzanine,,Private,,,UNKNOWN,,3 funds; >$250M AUM per own site,,5,UNVERIFIED,,Firm site,https://www.northcreekmezzanine.com/about-us/,SECONDARY VERIFIED,2026-09-08,Medium,Source team page,Founded 2010. P3 credit memo is the calling card here.
FIRM-006,RKCA,"Cincinnati, OH",M&A advisory / capital advisory / direct investment,,Private,,,UNKNOWN,,FINRA BD since 1986,,5,UNVERIFIED,,Search result,,SECONDARY VERIFIED,2026-09-08,Medium,Verify on BrokerCheck and firm site,Homegrown Cincinnati flagship.
FIRM-007,Silverstone Capital Advisors,"Cincinnati, OH",Middle-market M&A advisory,,Private,,,UNKNOWN,,,,4,UNVERIFIED,,Firm site,https://silverstoneadv.com/,SECONDARY VERIFIED,2026-09-08,Medium,Source team page,
FIRM-008,REAG,"Cincinnati, OH",LMM M&A / investment bank,,Private,,,UNKNOWN,,,,4,UNVERIFIED,,Firm site,https://reag.com/,SECONDARY VERIFIED,2026-09-08,Medium,Source team page,
FIRM-009,MelCap Partners,"Northeast OH (serves Cincinnati)",Middle-market M&A,,Private,,,UNKNOWN,,,,3,UNVERIFIED,,Firm site,https://melcap.com/,SECONDARY VERIFIED,2026-09-08,Medium,Source team page,
FIRM-010,Cincinnatus Partners (Ward Family Office),"Cincinnati, OH",Single family office,,Private,,,UNKNOWN,,Founded 2005,,5,UNVERIFIED,,Search result,http://www.cincinnatuspartners.com/,SECONDARY VERIFIED,2026-09-08,Low,Warm intro required - do not cold contact,
FIRM-011,The Loring Group,"Cincinnati, OH",Single family office,,Private,,,UNKNOWN,,,,5,UNVERIFIED,,Firm site,https://www.theloringgroup.com/,SECONDARY VERIFIED,2026-09-08,Medium,Warm intro required,
FIRM-012,Vigran Investments,"Cincinnati / Indianapolis",Single family office,,Private,,,UNKNOWN,,,,4,UNVERIFIED,,Firm site,http://www.vigran.com/,SECONDARY VERIFIED,2026-09-08,Low,Warm intro required,
FIRM-013,Argentarii,"Cincinnati, OH",Family office,,Private,,,UNKNOWN,,,,4,UNVERIFIED,,Firm site,https://www.argentarii.com/,SECONDARY VERIFIED,2026-09-08,Low,,
FIRM-014,Stonehenge Partners,"Columbus, OH",LMM PE + mezzanine,,Private,,,UNKNOWN,,Founded 1999,,4,UNVERIFIED,,Search result,,SECONDARY VERIFIED,2026-09-08,Low,Day-trip market,
FIRM-015,Crane Group,"Columbus, OH",Family holding company - permanent capital,,Family-owned,,,UNKNOWN,,Founded 1947,,4,UNVERIFIED,,Search result,,SECONDARY VERIFIED,2026-09-08,Low,Permanent capital model - interesting comparison to LDE,
FIRM-016,Talisman Capital Partners,"Columbus, OH",Mid-market PE,,Private,,,UNKNOWN,,,,3,UNVERIFIED,,Search result,,SECONDARY VERIFIED,2026-09-08,Low,,
FIRM-017,Centerfield Equity,"Indianapolis, IN",LMM PE - business services / healthcare,,Private,,,UNKNOWN,,,,3,UNVERIFIED,,Search result,,SECONDARY VERIFIED,2026-09-08,Low,,
FIRM-018,Cerity Partners,"Cincinnati, OH",Wealth management / RIA,,Private,,,UNKNOWN,,,,5,UNVERIFIED,,Personal - former employer,https://ceritypartners.com/,VERIFIED,2026-09-08,High,ASK IN MONTH 1 what a return would look like,Interned Jan-Mar 2025 [V]. Highest-probability warm route. Check Form ADV on IAPD for AUM.
FIRM-019,Kroger,"Cincinnati, OH",Grocery retail,,Public,,,REPORTED,See EDGAR: KR,,2,4,UNVERIFIED,,Fortune 500 2026,https://www.sec.gov/cgi-bin/browse-edgar?action=getcompany&ticker=KR,SECONDARY VERIFIED,2026-09-08,Medium,Pull latest 10-K,Region's highest-ranked F500 company.
FIRM-020,Procter & Gamble,"Cincinnati, OH",Consumer packaged goods,,Public,,,REPORTED,See EDGAR: PG,,2,4,UNVERIFIED,,Fortune 500 2026,https://www.sec.gov/cgi-bin/browse-edgar?action=getcompany&ticker=PG,SECONDARY VERIFIED,2026-09-08,Medium,Pull latest 10-K,Regional talent aquifer for corp dev and FP&A.
FIRM-021,GE Aerospace,"Greater Cincinnati",Aerospace,,Public,,,REPORTED,See EDGAR: GE,,2,4,UNVERIFIED,,Fortune 500 2026,https://www.sec.gov/cgi-bin/browse-edgar?action=getcompany&ticker=GE,SECONDARY VERIFIED,2026-09-08,Medium,Pull latest 10-K,
FIRM-022,Cintas,"Greater Cincinnati",Uniform / facility services,,Public,,,REPORTED,See EDGAR: CTAS,,3,5,UNVERIFIED,,Fortune 500 2026,https://www.sec.gov/cgi-bin/browse-edgar?action=getcompany&ticker=CTAS,SECONDARY VERIFIED,2026-09-08,Medium,Pull latest 10-K,BEST public analogue for a route-based recurring-revenue services roll-up = my Project 1 sector at scale.
FIRM-023,Cincinnati Financial,"Cincinnati, OH",Insurance,,Public,,,REPORTED,See EDGAR: CINF,Reported push into lower-mid-market investing,3,5,UNVERIFIED,,Fortune 500 2026 + PEI,https://www.sec.gov/cgi-bin/browse-edgar?action=getcompany&ticker=CINF,SECONDARY VERIFIED,2026-09-08,Medium,Candidate for Project 5,Public company moving toward MY market in MY city with public filings.
FIRM-024,Total Quality Logistics,"Clermont County, OH",Freight brokerage / 3PL,,Private,,,RANGE-PUBLIC,Business Courier largest-private list,Region's largest private company,4,4,UNVERIFIED,,Business Courier,,SECONDARY VERIFIED,2026-09-08,Medium,Get the revenue figure from the Courier list itself with its year,DO NOT quote a revenue number without the source list and year.
FIRM-025,Taylor Logistics,"Cincinnati, OH",3PL,,Family-owned,,,UNKNOWN,,On 2026 Courier family-owned list; 7th generation,5,4,UNVERIFIED,,Company site,https://taylorlogistics.com/,SECONDARY VERIFIED,2026-09-08,Medium,Multi-generational governance = the succession question,
