Org ID,Name,Type,Location,Purpose,Approx Members,Why I Fit,Cost Per Year,Event Cadence,Tier,Join Status,Applied Date,Joined Date,Key Contacts,URL,Verification Status,Date Verified,Confidence,Notes
ORG-001,ACG Cincinnati,Association,"Cincinnati, OH",Middle-market M&A and PE dealmaker network,UNVERIFIED,Highest density of LMM PE / M&A / lenders in my city; runs New Member Meetups and assigns a buddy,VERIFY,Monthly + annual Deal Maker,Tier 1,Not started,,,,https://www.acg.org/cincinnati,SECONDARY VERIFIED,2026-09-08,Medium,Deal Maker 2026 listed as 20 May 2026. Member access may extend to other chapters and DealMAX - confirm.
ORG-002,CFA Society Cincinnati,Association,"Cincinnati, OH",Investment professional society,UNVERIFIED,Hold a 2025 CFA access scholarship; monthly luncheons plus monthly happy hours = high-frequency low-cost room,VERIFY,Monthly luncheon + monthly happy hour,Tier 1,Not started,,,,https://www.cfasociety.org/cincinnati/home,SECONDARY VERIFIED,2026-09-08,Medium,Ask about candidate/affiliate/transitional rate for non-employed.
ORG-003,UC Goering Center for Family and Private Business,University,"Cincinnati, OH",Family and private business education and community,400+ member companies,The room where the business OWNERS are - sell side of every LMM deal. My own university.,1200 (verify),Breakfast Series + programs,Tier 1,Not started,,,,https://www.business.uc.edu/about/centers-partnerships/goering.html,SECONDARY VERIFIED,2026-09-08,Medium,Core membership listed at $1200 first year incl 3 Breakfast Series admissions. Associate members pledge not to solicit - read carefully.
ORG-004,UC Johnson Investment Institute,University,"Cincinnati, OH",Investment education; Lindner Investment Challenge; Private Capital Accelerator; ~$1M student fund,UNVERIFIED,My own school. Alumni standing to attend / mentor / judge.,Likely free to alumni,Speaker series + programs,Tier 1,Not started,,,,https://www.business.uc.edu/about/centers-partnerships/johnson-investment-institute.html,SECONDARY VERIFIED,2026-09-08,Medium,Private Capital Accelerator explicitly targets IB / M&A / private capital careers.
ORG-005,Searchfunder,Online community,Online,Search fund and LDE community,UNVERIFIED,Path #3 in my ranking; searchers need analytical help and have equity to share,Free tier,Continuous,Tier 1,Not started,,,,https://www.searchfunder.com,UNVERIFIED,2026-09-08,Low,Verify current access model.
ORG-006,McGuireWoods Independent Sponsor Conference,Conference,"Dallas, TX",Flagship independent sponsor gathering,1600+ attendees (2025),Path #1 in my ranking; speed-networking format favours someone with no network,VERIFY,Annual (27-28 Oct 2026),Tier 1,Not started,,,,https://10times.com/independentsponsorconference,SECONDARY VERIFIED,2026-09-08,Medium,2025: 9000+ speed-networking meetings. TRAVEL REQUIRES COUNSEL REVIEW.
ORG-007,ACG Columbus,Association,"Columbus, OH",Middle-market dealmaker network,UNVERIFIED,Day-trip reach; ACG membership may grant chapter access,VERIFY,Monthly,Tier 2,Not started,,,,https://www.acg.org/columbus,SECONDARY VERIFIED,2026-09-08,Low,Confirm whether Cincinnati membership covers attendance.
ORG-008,Alliance of M&A Advisors (AM&AA),Association,National,Middle-market M&A professional network; CM&AA credential,25 countries,Network now; CM&AA is a year-2+ target,VERIFY,Conferences + chapters,Tier 2,Not started,,,,https://amaaonline.com/,SECONDARY VERIFIED,2026-09-08,Medium,CM&AA prerequisites include advanced degree AND a professional credential (CPA/CFP/CVA/CMC). I have the degree only.
ORG-009,Cintrifuse / StartupCincy,Nonprofit,"Cincinnati, OH",Startup ecosystem hub since 2012,UNVERIFIED,High event density and free; route to operators who become LMM sellers,Free / varies,Frequent,Tier 2,Not started,,,,https://cintrifuse.com/,SECONDARY VERIFIED,2026-09-08,Medium,Lower priority than LMM buyout but cheap.
ORG-010,QCA Ventures,Angel/VC,"Cincinnati, OH",Early-stage investment group,UNVERIFIED,Route to successful local operators,N/A - accredited investors,Varies,Tier 2,Not started,,,,https://www.qca.com/,SECONDARY VERIFIED,2026-09-08,Medium,Rebranded from Queen City Angels Feb 2026.
ORG-011,Main Street Ventures,Nonprofit,"Cincinnati, OH",Funds and guides Greater Cincinnati startups,UNVERIFIED,Ecosystem access,Free,Varies,Tier 2,Not started,,,,,UNVERIFIED,2026-09-08,Low,Find official URL.
ORG-012,UC Alumni Association - Lindner,University,"Cincinnati, OH",Alumni network,UNVERIFIED,Free; strongest cold-outreach warrant I have,Free,Varies,Tier 2,Not started,,,,https://www.uc.edu/alumni.html,SECONDARY VERIFIED,2026-09-08,Medium,MS Finance 2025 [V].
ORG-013,iGlobal Independent Sponsors Summit,Conference,"New York, NY",Independent sponsor and capital provider summit,UNVERIFIED,Backup to McGuireWoods; skews larger check sizes,VERIFY,Annual (28-29 Sep 2026),Tier 3,Not started,,,,https://events.iglobalforum.com/independent-sponsors-conference,SECONDARY VERIFIED,2026-09-08,Medium,TRAVEL REQUIRES COUNSEL REVIEW.
ORG-014,Family Office Exchange (FOX),Association,National,Family office membership organization,~330 families / 150 MFOs,Not appropriate now; some workshops and webcasts open to non-members,Unpublished,Varies,Tier 3,Not started,,,,https://www.familyoffice.com/,SECONDARY VERIFIED,2026-09-08,Low,Third-party dues estimates ($5-10k/yr) are UNVERIFIED. Use the non-member surface only.
